Unnamed: 0,id,Age,Flight Distance,Inflight wifi service,Departure/Arrival time convenient,Ease of Online booking,Gate location,Food and drink,Online boarding,Seat comfort,Inflight entertainment,On-board service,Leg room service,Baggage handling,Checkin service,Inflight service,Cleanliness,Departure Delay in Minutes,Arrival Delay in Minutes
25976.0,25976.0,25976.0,25976.0,25976.0,25976.0,25976.0,25976.0,25976.0,25976.0,25976.0,25976.0,25976.0,25976.0,25976.0,25976.0,25976.0,25976.0,25976.0,25893.0
12987.5,65005.65799199261,39.62095780720665,1193.788458577148,2.7247459193101324,3.0468124422543887,2.756775485063135,2.977094240837696,3.2153526331998767,3.261664613489375,3.4492223591007085,3.3577533107483832,3.3856636895595935,3.3501693871265785,3.633238373883585,3.3141746227286726,3.649253156760086,3.28622574684324,14.306090237141976,14.74085660217047
7498.76963241304,37611.52664665699,15.135685259036865,998.683998913301,1.335384050017843,1.5333705546136762,1.4129513343116138,1.2821326535958306,1.3315063779960188,1.355535695237514,1.3200901811241672,1.3382993601618567,1.2820883643244598,1.3188623331820117,1.1765246613021436,1.269332062407198,1.1806809589810978,1.3193300655397688,37.42316004377711,37.517538587655444
0.0,17.0,7.0,31.0,0.0,0.0,0.0,1.0,0.0,0.0,1.0,0.0,0.0,0.0,1.0,1.0,0.0,0.0,0.0,0.0
6493.75,32170.5,27.0,414.0,2.0,2.0,2.0,2.0,2.0,2.0,2.0,2.0,2.0,2.0,3.0,3.0,3.0,2.0,0.0,0.0
12987.5,65319.5,40.0,849.0,3.0,3.0,3.0,3.0,3.0,4.0,4.0,4.0,4.0,4.0,4.0,3.0,4.0,3.0,0.0,0.0
19481.25,97584.25,51.0,1744.0,4.0,4.0,4.0,4.0,4.0,4.0,5.0,4.0,4.0,4.0,5.0,4.0,5.0,4.0,12.0,13.0
25975.0,129877.0,85.0,4983.0,5.0,5.0,5.0,5.0,5.0,5.0,5.0,5.0,5.0,5.0,5.0,5.0,5.0,5.0,1128.0,1115.0
